{"created_at": "2024-11-08T22:00:31.924424+00:00", "train_time": 35186, "train_step": 1319455, "platform": "tencent_kaiwu", "business": "competition", "user_id": 1, "team_id": 2, "project_code": "hok1v1", "project_version": "14.2.31", "task_id": "16576", "algorithm": "ppo", "model_file_name": "hok1v1-16576-ppo-1319455-2024_11_09_06_00_31-14.2.31.zip", "model_file_hash": "57ea8ef8f835b1860cebdcb194fdfdbd0dc36bf8985c5632d7cc3bb9079a2c1c", "model_file_path": ["ckpt/model.ckpt-1319455.pkl"], "signature": null}